MEAN_X,MEAN_Y,ID,Climate _Zone
75.86919118,22.66470323,1979,3
75.71543319,32.81474659,2003,11
79.76764626,29.20231565,1372,12
78.99515286,30.72156755,269,12
69.34651105,22.83402008,367,4
79.03644553,30.72593514,268,12
72.11636564,21.7413058,1277,6
74.62899774,26.4736838,401,4
87.87761803,25.62351056,1034,11
77.48535406,10.42254319,374,12
87.61900191,25.39775085,747,11
85.2215101,25.58744751,1766,11
82.95791214,22.03478168,1376,11
88.70999569,28.02489556,406,5
77.94514897,31.70766519,1864,12
77.63417453,31.7433018,1863,12
74.62582102,33.45747487,1828,11
76.46389783,12.0773171,673,3
73.74238371,17.6152122,73,3
87.36126591,25.78722176,827,11
78.8354609,17.36178325,282,6
77.77418021,20.89460993,1271,3
85.7154582,26.54418254,1477,11
78.90076574,17.49619303,517,6
87.84919893,25.95819458,1039,11
83.23346637,27.05316161,1249,11
81.98420483,22.86080003,1353,11
80.10706615,13.64942392,1388,3
78.50063108,18.05409033,292,3
72.59519747,35.96148284,642,17
72.59895037,35.96532048,643,17
74.66021672,34.22915933,230,8
85.37273158,26.75231129,1514,11
76.26494662,12.48755002,698,3
72.61122781,35.99213371,641,17
76.24802135,12.49749106,696,3
76.27477765,12.50128348,697,3
71.60627718,24.37130576,1259,6
83.42911538,26.72588053,1562,11
80.93188684,28.22266298,964,11
74.68116937,34.19094436,532,8
76.93767912,12.87708991,611,3
75.87763007,13.44394029,31,3
83.72461476,26.83332048,1557,11
87.1989707,24.99549986,2006,3
88.46676947,22.59863949,60,3
78.75126063,31.55351621,1757,18
83.72834037,21.34168036,1723,3
83.05296496,25.2647937,1536,11
81.20867374,25.22831391,1761,11
79.54050629,17.98388626,411,3
77.80883215,34.616261,1815,5
76.93094122,12.91113651,609,3
88.2813263,24.15823177,1665,11
88.40237808,22.50676892,437,3
88.1023374,24.9639137,822,3
88.10265288,24.9628257,823,3
88.10144948,24.96616338,820,3
88.10190806,24.96507248,821,3
83.79860473,21.24974417,1908,3
77.66517677,12.88546858,349,3
79.76248236,18.0647787,1457,3
88.1019897,24.97001896,819,3
88.10772149,24.94571998,818,3
87.84774037,23.24581875,979,3
87.31235035,23.94793752,976,11
76.3771755,12.30552689,672,3
79.12611011,12.92163164,930,3
88.62859068,28.05822074,2059,5
78.22680732,33.31068049,716,5
74.39093918,34.04958464,579,15
79.2593846,11.90363793,470,3
76.37374119,12.23154521,671,3
78.20605367,33.33180538,717,5
75.3059284,34.13003967,1790,14
84.73940044,19.33822906,637,3
84.74154688,19.34435693,638,3
83.69532832,26.89170405,1559,11
80.23571041,12.97901107,177,3
83.67724335,26.8765182,1558,11
76.15419227,12.486778,1753,3
76.5083544,12.68826396,768,3
76.15227938,12.51762943,1751,3
76.17264951,12.4739254,1752,3
76.25516862,10.10720458,1585,2
87.27747505,23.55343158,668,3
79.33372983,26.14637212,1024,11
75.38236256,33.91213455,1778,8
77.02213037,10.99170103,58,12
76.73979248,12.88514096,559,3
78.34324193,31.18503263,2023,12
75.48417766,33.44907403,1770,14
75.41669284,34.13783264,1478,14
76.94261284,12.86317326,607,3
79.45888068,29.38591918,257,12
78.81762932,13.26749368,1107,3
80.70101136,25.54939595,1033,11
78.2694503,33.8898518,2007,5
77.82530433,12.97164657,2037,3
78.04106493,33.25628387,149,5
78.28688228,33.00918445,148,5
78.22046537,33.70795268,890,5
78.08976713,32.4281688,1880,26
72.95604497,19.22174851,193,3
76.45760373,26.02719913,734,11
78.5991699,32.92060922,159,5
76.56237489,8.932320303,597,2
76.5585505,8.937832496,596,2
80.1855463,12.92970352,166,3
79.71258734,11.39153172,449,3
76.55866928,8.936370488,594,2
77.4714738,23.24379537,664,3
76.55831177,8.935715633,595,2
88.61622455,27.97468642,341,5
78.59405303,32.98020833,158,5
82.5520105,27.27459287,1420,11
79.42142424,11.80690807,662,3
82.96720811,20.28979902,1333,3
74.65835327,34.16820558,93,8
78.96285058,9.990793634,1517,3
74.3871409,34.50027063,1073,18
76.69920923,8.878710842,1602,2
87.88687153,25.4136945,780,3
76.756735,30.76591648,1705,11
78.6830489,30.6340375,1641,12
87.15116958,23.66124454,1924,11
80.23898869,12.96660001,347,3
85.53972391,23.80441033,1102,11
78.08845673,32.4266472,1879,26
78.08195375,32.42277451,1878,26
77.17747926,34.49544223,1820,5
87.0809532,23.40782717,18,3
77.55084216,12.90250032,192,3
76.46702689,29.31220414,118,6
78.87904881,17.49051279,515,6
78.37175664,33.7770799,1883,5
74.8423485,34.11559604,773,14
79.19331678,11.06805762,1291,3
88.31937264,25.62201094,1767,11
75.82026952,22.70021067,404,3
79.75885834,29.20503136,1683,12
78.38315803,33.79448564,1884,5
78.27407348,33.75313025,1885,5
75.10613364,15.37863209,48,6
76.70664257,8.778841957,1709,2
77.54753715,32.49809211,445,18
78.51639299,33.81886411,1882,5
78.5343675,33.69028138,1881,5
85.58370372,23.16236076,1125,11
77.85473321,35.06081409,1360,5
87.58314869,22.94103953,1127,3
88.89062225,25.32659138,1123,3
77.14984558,20.47502511,1305,3
79.03682057,25.01477211,227,11
75.80800898,22.69800513,405,3
82.37961832,22.40149921,1448,11
79.18101487,17.71571387,1571,6
80.24096501,12.99594206,173,3
76.67681433,8.847718722,1653,2
76.67659688,8.846983417,1654,2
85.36538877,24.01293346,335,11
76.67723305,8.848250129,1652,2
76.6786474,8.850122155,1657,2
76.67723274,8.8472594,1655,2
76.67593959,8.847527643,1656,2
80.17799496,12.94936972,113,3
77.60469436,12.87035721,137,3
78.76437609,17.37704938,2043,6
78.85158963,9.30162935,653,3
75.86093126,13.15558492,414,3
75.32779168,34.2361089,1061,25
82.63709341,25.63015756,556,11
87.89038148,25.93884257,1041,11
87.89164061,25.9367826,1040,11
76.37822756,9.489441863,350,2
73.96329308,24.26436952,27,6
81.35405036,21.29569929,893,11
81.35957614,21.28673264,894,11
81.38611363,21.27739633,895,11
85.46884227,23.79684604,1103,11
80.21122124,12.98798472,144,3
85.47464943,23.75243707,1104,11
80.144146,12.82444652,744,3
69.09954206,22.45306268,1210,4
78.33795199,34.00038844,412,5
79.07297843,9.917696734,1365,3
79.07435362,9.925392072,1364,3
79.07791065,9.932243715,1363,3
81.65380192,21.24728606,439,11
80.09752078,13.01346923,400,3
70.74701147,22.88090371,1096,6
76.64158851,18.18766296,231,3
74.7403394,33.51980689,1682,11
86.28824814,24.18758621,622,11
76.58031359,12.1725437,1937,3
84.56443207,24.64625048,561,11
74.93340117,30.23533295,272,4
79.2006625,10.02462854,62,3
79.25207094,11.94325995,471,3
75.9210169,14.60506668,1955,6
76.40304778,12.19976406,1936,3
87.59874149,25.55342488,753,11
80.56848094,17.0555313,284,3
78.25420691,31.26081134,2031,12
74.93129583,30.24040307,271,4
86.57955269,25.53389577,1009,11
85.65640333,26.80787115,1506,11
81.65859145,21.23850965,438,11
77.31408671,33.34710211,1626,7
77.78262571,18.56390901,277,3
74.93020438,30.24589405,273,4
77.38283833,16.55875511,12,6
72.9130609,20.1739031,507,3
78.3333517,17.44856083,536,3
75.18998814,12.04671116,851,2
78.70133338,32.70515588,386,5
78.76136127,32.74475797,385,5
79.05651523,9.914506452,1366,3
76.60930518,13.1581945,1298,3
76.34627885,32.34513018,1541,11
86.21478338,23.7773915,1949,11
76.8135267,34.58708359,1872,5
77.17583615,35.26547801,650,5
72.72106777,23.45395302,1385,6
79.28701897,11.88284937,474,3
78.72622728,32.73568508,388,5
78.69810114,32.70453869,387,5
78.75733024,9.27522562,950,3
77.67001046,25.41842148,363,11
82.94024184,24.7170123,996,11
79.61191611,17.99357732,1459,3
74.26508487,16.67938618,279,6
75.94927675,10.75827152,57,2
74.3946356,34.48461561,1074,18
80.37457006,25.35810961,1644,11
73.01150958,19.00657981,117,2
77.63115537,12.83246145,834,3
74.62038119,33.48333582,1552,11
75.25985775,33.1244896,1248,11
82.93192049,20.79559837,1663,3
86.35665724,26.14438503,1494,11
82.51290937,22.08385373,1197,11
73.39014567,21.11473853,61,3
79.00855784,10.13515096,1181,3
79.01290244,10.13858573,1180,3
82.51413841,22.08442108,1198,11
77.69209845,13.32071228,355,3
96.8987496,28.20310971,562,12
82.42356572,26.75127971,1442,11
74.80324824,34.12237512,233,14
74.60800442,33.48662237,1551,11
74.56387294,33.49614998,1550,11
79.00184417,10.13904257,1182,3
78.54642217,17.46070699,102,6
74.54450304,33.49152412,1549,11
74.60120198,33.46827939,1548,11
76.38340233,9.985603692,209,2
77.42194745,31.91754294,1861,15
77.47615494,31.84306719,1860,15
78.69165303,17.30636357,1522,6
72.78055876,21.16431498,450,3
77.52558077,31.91467106,1859,15
78.79397796,33.73150977,1706,5
77.59409572,13.11415371,1516,3
76.56010241,8.934325684,598,2
76.56269662,8.93427298,599,2
76.62848124,9.038336734,175,2
80.15993392,12.61434364,658,3
79.07877242,9.959864477,1469,3
78.48089647,32.37644043,1901,26
78.32106829,32.56223081,1902,26
76.24059086,10.37329416,2033,2
78.41288181,33.12558716,383,5
79.0118505,24.56446063,1016,11
80.53897517,24.57562727,1450,11
73.86287648,18.44432112,17,3
78.11474662,24.69765804,570,11
80.17553796,12.67463721,1099,3
78.52965015,15.44040342,1600,6
78.52427574,15.44899492,1601,6
70.46609395,22.80336263,1114,6
85.76888703,22.65176674,115,3
80.16718766,12.93874891,167,3
93.71209602,28.58409696,730,12
76.08334345,13.01538041,500,3
77.12733694,32.47616163,2020,9
85.21550111,25.58787807,740,11
73.66710497,18.72571281,1970,3
78.93481616,10.1899119,1432,3
78.93110946,10.19404492,1431,3
76.4880878,32.26872029,1805,11
78.45810075,31.08124864,1368,12
76.53605407,32.23526785,1806,11
88.43634,22.92710205,1493,3
80.32315506,13.22333822,183,3
78.93982899,10.19085515,1433,3
77.06898644,12.60921881,1749,3
86.59026418,25.551177,814,11
79.03694883,9.96281344,1355,3
76.89023959,12.74979929,2019,3
71.50881621,23.64387801,1237,6
80.92957126,24.55120029,1007,11
74.20927214,21.84278385,1584,3
77.74342292,12.96447766,210,3
76.54018386,32.84413331,1801,12
81.75033657,21.16068951,881,11
81.97587716,21.1896824,907,11
79.61852263,30.69886175,427,12
87.08218406,23.2310607,1175,3
72.26159305,22.49731685,862,6
88.5320991,25.40551858,782,3
76.69834919,12.89408748,634,3
87.07010136,23.23623257,1174,3
77.99207881,34.46894776,1819,5
79.53899941,19.06427211,1508,3
83.60666748,26.97130461,1565,11
76.25308387,12.354945,1755,3
76.31617208,12.44048916,1754,3
75.27565273,34.23323385,1054,25
75.20479964,34.20221999,1052,14
75.32052601,34.19252155,1053,14
79.9932855,13.02407732,745,3
76.25675969,12.65223543,553,6
88.78298691,22.66163019,1910,3
83.43126965,18.79244031,1710,3
74.38598768,34.04760046,199,15
78.41129103,17.30419596,504,6
82.85895156,20.224277,1708,3
78.02560696,15.83394458,1531,6
87.73821584,25.44334638,778,11
71.9529309,22.44729344,1087,6
87.85814594,23.24440044,1137,3
87.8630772,23.24461674,1136,3
71.72369474,23.72700797,469,6
77.41306748,32.72226698,1684,7
88.13662723,25.00878622,816,3
82.62282688,26.68116583,1434,11
81.37906703,24.84425628,1004,11
81.81194765,21.20407829,1648,11
73.02002868,19.00518648,1273,2
74.52264862,33.54023216,1093,11
86.35870729,23.3389317,294,3
76.55436137,12.51093881,724,3
76.49132288,12.63792427,1707,3
85.86835206,23.80053911,1957,11
85.87335746,23.80275851,1956,11
78.38017007,31.07864614,1667,12
83.59768486,25.5936957,925,11
82.26362121,25.09575328,952,11
82.5458329,22.05270508,1207,11
81.78579585,21.12464164,1647,11
73.00982189,19.0263571,1044,2
74.58392284,33.51897086,1090,11
77.93507686,13.62717944,702,3
77.93083264,13.62774656,700,3
82.54360059,22.04641459,1206,11
76.92713257,10.96971155,172,12
82.54993683,22.04137861,1205,11
77.89356319,13.59128437,701,3
79.67250902,34.67966066,212,5
74.62520985,33.50845328,1089,11
74.21444298,16.73355366,842,3
85.84508635,23.80417801,1960,11
85.85053735,23.80642147,1958,11
85.8368019,23.80686512,1959,11
76.92094792,12.87424508,608,3
76.60719285,8.97434125,134,2
74.55452014,33.53664054,1092,11
86.61908025,20.26867154,945,3
78.15308999,15.68965865,884,6
77.68690672,13.0470038,180,3
79.55923096,29.34427699,54,12
74.57401448,33.52971491,1091,11
82.56512841,22.00237156,1202,11
74.86214839,36.43049373,141,5
72.74550335,36.06870093,1534,17
83.90474287,24.97557381,630,11
76.28309618,10.02299715,100,2
72.91457871,19.18915236,838,3
82.55232049,22.03391808,1203,11
75.97507901,10.76568325,720,2
82.55057414,22.03560955,1204,11
77.29612892,33.34442339,1633,7
74.57995724,16.85755007,1609,6
85.9052939,26.14149393,1527,11
79.66920427,11.5712538,323,3
77.27344213,28.44954966,727,6
78.37953477,17.55771322,481,3
78.38385026,17.52533703,480,3
79.88142627,28.0110418,980,11
88.80962037,27.38320443,1735,23
82.27004242,25.11388527,1038,11
82.27528658,25.10981888,1037,11
82.6769831,18.72784336,103,3
86.6942245,23.50034595,1177,3
83.06514873,24.67265034,923,11
86.69381612,23.49846937,1176,3
75.78164217,13.3312914,1625,3
75.84373974,13.2695438,1624,3
76.37224529,9.794991028,258,2
78.5715875,17.42701352,493,6
74.52604409,33.55849377,1094,11
77.6950467,12.82540894,198,3
77.40557286,23.24904427,169,3
83.73595037,25.04695288,566,11
83.06959163,26.77204224,1435,11
82.14695274,24.7034979,967,11
78.47723413,22.14624944,1195,3
75.45864515,35.43093653,640,5
85.66149138,26.76417017,1507,11
84.02926647,24.94504424,580,11
88.54371823,25.36761908,785,3
75.66882794,34.02218304,1623,17
81.62043759,21.24517985,876,11
79.011338,9.971985413,1351,3
74.01894357,15.28890959,451,2
88.60462426,25.37193316,786,3
79.45517231,18.86062612,723,3
75.07529161,30.59581211,1005,6
84.13633122,18.46641879,1315,3
76.96621465,35.73179448,1437,5
85.49801552,25.01792624,604,11
82.63375868,18.76649666,1604,3
79.76504345,30.68746387,1639,12
86.37076669,23.33226275,984,3
86.37191825,23.33220873,985,3
79.84212721,16.89380783,663,6
80.26879233,13.15574628,1421,3
69.85933725,22.35768674,557,6
86.37130072,23.32349233,986,3
75.49616537,34.09373362,120,14
73.363801,36.24937376,651,7
78.50242205,33.47358909,422,5
78.51916274,33.51690921,423,5
78.64900227,33.4201334,421,5
79.00727856,10.00985545,96,3
75.41091016,33.95254767,1153,14
75.48852143,33.63250037,1986,14
84.53724024,20.72135442,845,3
82.16333472,21.66199851,917,11
82.54320815,26.89935023,1430,11
88.43361249,22.56068032,408,3
82.33022152,21.97887396,1208,11
75.90908354,13.76470757,1975,3
87.98506465,23.21907076,1139,3
86.97421052,25.22594842,806,3
75.95454123,14.42982529,434,6
79.68568567,20.17451664,1398,3
74.40950203,34.46919175,1668,18
84.96551636,25.68493302,1491,11
77.60621507,33.67130134,1868,5
74.378693,34.063548,201,15
76.67155518,8.848303225,1661,2
74.38098643,34.06243714,200,15
76.67158498,8.849278842,1662,2
76.67025316,8.846993882,1659,2
81.96168226,21.19711431,904,11
76.67100081,8.847630143,1660,2
76.66958286,8.84632926,1658,2
81.96389028,21.1987654,903,11
81.96929869,21.20146705,901,11
74.27454963,16.69428515,920,6
81.96533906,21.20380301,902,11
77.58544809,33.61520534,1867,5
88.36892975,23.41803633,1616,3
81.97248526,21.20038474,906,11
81.96682245,21.19150444,905,11
84.80286613,22.24981023,376,3
75.29323985,14.67540613,1730,3
84.80699545,22.25142844,375,3
88.07751257,22.05905401,588,3
77.4942905,12.96467422,194,3
77.13772657,19.71894002,114,3
78.22968062,29.33416027,1297,11
76.47557719,12.85139431,537,3
81.6811134,23.44380286,1618,11
79.71494134,24.82491842,1456,11
77.62003748,12.98367477,19,3
85.57817489,23.72921563,1100,11
79.09719403,10.65678136,1387,3
83.70622365,26.74070414,1567,11
83.70509502,26.7406848,1566,11
85.0583544,25.22805882,618,11
80.16614048,13.79060904,1407,3
80.14605973,13.76095595,1408,3
75.98190506,11.65103994,453,2
78.22344433,12.45519423,186,3
84.53593612,20.71584571,846,3
79.09649635,10.16242296,1282,3
82.52206012,17.34492942,1243,3
85.7030973,26.75761014,1511,11
77.67327648,12.91342047,432,3
73.03763945,19.0220488,928,2
88.30547882,27.94845168,958,7
88.331637,27.94694358,957,7
70.06295327,22.46670831,261,6
76.00121161,10.80042031,1598,2
81.91765403,19.00975892,919,3
86.43828006,23.78897576,1217,11
69.91664435,21.52282075,1072,6
76.33244004,12.23691185,224,3
83.2395422,27.35687687,1377,11
77.61064645,13.08574879,94,3
77.98234256,32.73182026,1638,5
85.33939761,22.10347146,2002,3
75.11789212,34.38762802,511,25
76.5753131,32.28478521,494,11
76.21608738,19.60299702,1310,3
88.35814896,27.95578344,956,7
85.5638066,23.77859304,1101,11
81.36049355,21.23986645,873,11
79.27036495,28.18887847,1285,11
77.31411567,8.468838488,63,3
76.59875417,13.54450478,766,3
77.50397886,34.13590938,394,5
76.98685705,12.64085195,627,3
73.67251175,24.59847805,4,6
80.10134157,17.47570131,1441,3
76.96907722,11.25304333,351,12
72.38004251,23.13259156,1296,6
75.05871239,34.42108932,510,25
80.11997806,13.71680886,1405,3
73.67660976,24.57376289,3,6
83.54913716,21.68325185,1307,11
80.18795439,13.82444866,1409,3
76.14531754,34.00827125,1876,17
76.31067748,34.02412657,1875,7
76.72178376,34.00456955,1874,5
75.48877312,33.80560553,1777,8
73.52220223,18.60588146,290,2
75.21166014,23.0693215,1304,3
74.77140876,33.51084894,1112,11
88.90930774,27.3094817,1050,23
79.42773987,28.33850932,1747,11
80.05521029,12.97867495,742,3
82.65974768,18.7496755,1079,3
76.69881948,12.80166729,729,3
81.34673479,21.24278987,872,11
81.34943897,21.24635963,871,11
76.31130605,12.0818298,614,3
80.02502032,13.02793016,725,3
79.52593999,11.32798928,251,3
76.8137309,31.6268642,835,11
79.10688907,9.888867229,87,3
82.93388385,19.85787521,1319,3
80.76370873,24.26436758,1026,11
79.95949698,18.00395366,1241,3
80.76406416,24.26757104,1025,11
72.96799431,19.19617699,190,3
76.10097801,18.03388891,1295,3
79.57704469,16.82688675,234,6
76.79697649,8.634237157,1587,2
76.80362352,8.6303325,1588,2
76.80112017,8.63436488,1586,2
79.2281069,11.9291088,465,3
79.22273569,11.91841936,466,3
80.10546825,13.1060459,104,3
72.11507436,23.83399756,502,6
80.66573986,25.03693851,1020,11
79.0417102,21.15561043,91,3
81.69895325,24.98001009,1028,11
73.20363098,22.30071646,249,3
92.78427892,24.75388351,1436,11
80.01591883,13.06568313,743,3
86.58195953,25.53928144,1010,11
77.58150576,34.36579252,1826,5
77.89142985,18.58301209,861,3
76.59245487,12.85122932,540,3
78.62702765,17.18997757,283,6
73.00576932,19.01621942,1279,2
73.76490926,16.39119356,1997,2
87.84514316,23.25781088,1141,3
70.40781944,22.6242036,1118,6
78.09585268,17.62157901,1312,3
75.53643622,33.61823086,1771,14
80.18921108,12.94428619,55,3
74.84776906,34.10478587,772,14
75.91012575,22.78373278,552,3
73.80553907,18.66025243,1117,3
79.0376241,11.97591736,1984,3
80.28986922,13.45767493,1402,3
78.36216036,17.41447253,1423,3
87.36158419,23.53444374,666,3
78.09362803,21.88932485,1184,3
76.46585441,26.0309059,458,11
81.7667006,21.15025165,105,11
87.68653387,23.69713542,966,3
83.18900173,27.10984862,1211,11
79.39890092,11.76682995,661,3
88.37338132,23.41420866,417,3
82.60274668,22.33149765,1913,11
82.61771041,22.33682287,1914,11
74.92772416,34.43038403,512,25
76.02290924,12.55020227,631,3
76.06137912,13.05903863,703,3
69.66436267,23.25219749,260,4
78.34619918,17.48747012,333,3
73.86133862,18.45340032,226,3
77.45411913,8.147637224,263,3
78.878593,17.3829458,519,6
83.95173246,21.4819708,577,3
73.7853414,18.53199464,29,3
76.55984722,12.80231034,541,3
76.48142363,12.64505239,418,3
85.59292027,23.1531538,1126,11
78.11429326,33.00583538,378,5
78.74796735,9.344025064,1495,3
76.3719544,32.31218227,497,11
91.28160685,23.84027104,457,3
78.87560851,32.50635128,1903,18
87.87418286,23.24649231,1140,3
77.27570391,34.45357154,1823,5
80.15683408,25.42919798,1017,11
95.88638991,29.01201609,1906,12
95.90409866,29.00445631,1905,12
86.39273948,23.79009527,1110,11
87.60818235,25.52448959,777,11
73.56334898,19.70340655,35,2
73.56334898,19.70340655,34,2
83.05631277,24.833709,995,11
76.20515408,35.1710622,718,5
77.62044981,12.98507829,365,3
85.8969858,26.14711988,1525,11
81.13137002,24.5498118,1001,11
77.58895776,13.04513008,1335,3
77.5847716,13.04852756,1334,3
81.20669167,25.41294651,1572,11
77.00427041,12.62902036,628,3
71.44420816,23.7984876,1252,6
85.66494295,25.0830214,1471,11
76.89043715,35.60314855,495,5
82.94339621,22.05746657,1702,11
71.37349378,23.94525235,1250,6
76.06727691,12.37444902,708,3
88.76074015,27.37513564,933,23
76.55316064,8.939570789,433,2
76.57995692,13.98781913,2014,6
78.31023513,17.54419078,482,3
75.57907178,35.31660624,719,7
82.52061598,21.25012171,915,11
85.36316984,24.00904586,810,11
78.89969146,32.40936072,442,18
87.31245776,23.94987624,975,11
74.9351294,34.41791781,513,25
75.75955988,11.32946707,140,2
87.69485663,25.37494664,749,11
77.6193229,12.98139295,364,3
77.21547825,28.40135966,340,6
79.21067641,10.11278858,89,3
78.9418276,13.66004965,1714,3
75.83800292,14.37754627,225,6
85.07815527,25.58248803,530,11
85.83512671,20.24262772,32,3
80.03176776,24.63710928,1014,11
79.68425844,18.24487807,1240,3
79.6296122,18.22880173,1239,3
72.8890525,21.04426592,1218,3
86.00595702,23.38797796,983,11
73.11522987,18.98272771,1269,2
75.5141723,33.62523312,1784,14
79.10237835,10.08314843,1425,3
76.15776881,12.93639594,574,3
91.60341138,27.83747484,726,12
76.7383615,12.66670167,629,3
76.57750129,34.72645849,1871,5
81.02973403,21.09314967,354,11
88.04466631,22.04667239,586,3
78.3904957,17.42964994,164,3
86.67514309,23.22168321,982,3
76.03346996,33.88848583,1833,17
74.36090634,33.95580305,1085,14
72.75575915,22.65682562,1023,6
78.28718254,17.72618669,1274,3
76.30449735,32.3454178,1807,11
74.31470655,24.90134792,972,6
79.3602621,11.79611902,659,3
72.95739111,19.18980183,377,3
76.24108303,12.41107598,625,3
75.60426579,34.15693034,1792,17
82.98987182,26.54388322,1439,11
87.89505291,23.06408557,1610,3
87.86185791,23.21499481,1138,3
79.06518882,21.96947221,2060,3
76.18529165,33.70220687,1835,17
75.27959808,12.00140172,1607,2
78.37476776,11.97508901,1216,11
79.39899841,24.86935834,107,11
73.80163309,18.65765003,357,3
76.80802414,12.91581603,2017,3
81.41572073,21.35133323,892,11
75.14774242,34.13825328,265,14
80.19715717,13.33705001,2035,3
81.38977225,21.34815047,891,11
76.85341128,12.89600513,2018,3
80.76170312,24.26989971,1027,11
80.21991561,12.89340334,741,3
75.7560175,11.32978625,2,2
75.77559492,11.3557639,1,2
79.04825176,9.964902026,1467,3
76.59079574,13.50816336,2011,3
88.25378322,24.09496538,1538,11
88.26488273,24.11146468,1539,11
77.78309508,12.52799127,13,3
84.65358663,24.98213609,535,11
88.94296158,25.28544949,789,3
88.94178118,25.27907225,790,3
76.55900357,12.60778456,692,3
79.61299922,17.14874063,247,3
80.19337217,25.55013815,1018,11
80.00727873,19.41249091,1520,3
83.21079887,27.12784167,1213,11
87.57932969,25.60948142,764,11
77.6162275,29.3846556,989,11
87.58011557,25.60682729,763,11
88.51281904,22.49751594,841,3
87.58018838,25.60800422,762,11
77.62187698,29.39608622,988,11
81.64947922,23.41272844,1619,11
80.07691478,12.83469229,746,3
76.0810831,12.34619975,621,3
77.26215635,34.45109696,1824,5
80.06402074,12.37728712,483,3
79.8998282,16.01955036,332,3
79.74461345,11.72088144,447,3
82.92597123,20.20787086,1328,3
80.82255336,17.94910173,499,3
76.02733971,11.54218593,509,2
86.42096493,23.79692113,1214,11
78.81791321,9.369817747,953,3
78.60799586,15.23585725,1528,6
83.81716019,27.13119577,1570,11
79.58142824,17.99143766,329,3
73.2444548,22.32882655,522,3
79.91782793,20.42679813,1688,3
83.99467545,21.87135765,1909,11
78.53431548,33.69001091,889,5
79.06163663,10.10612444,1167,3
79.07949072,10.12411801,1168,3
79.06353427,10.0980265,1166,3
77.07870339,32.2923313,825,12
88.2819077,22.59195008,1464,3
76.62224004,9.027884,1573,2
77.09532675,11.00195859,302,12
78.49729829,33.49600687,419,5
79.94481227,20.16453314,1564,3
86.96020427,23.6839074,1768,11
86.95902138,23.68256122,1769,11
72.53758057,23.0962061,1926,6
82.79448814,26.85987385,1447,11
79.07018113,10.11748323,1169,3
82.8009689,26.87219922,1446,11
77.73646618,34.65644971,1814,5
76.1885941,33.69884274,1836,17
78.41260482,17.47938333,170,3
77.73055558,13.21030141,197,3
75.4920637,33.77954716,1292,8
75.77425348,11.35674381,161,2
77.47717652,19.37538072,1373,3
75.46521026,33.79852009,1293,8
74.64260055,34.16374443,1438,8
82.97559995,25.22772083,1542,11
76.50254209,13.44557196,1394,3
76.60598401,13.37384781,1392,3
76.58883395,13.37723251,1393,3
76.00087351,10.80498931,711,2
76.45182959,29.16351004,2056,6
85.53537901,23.78145845,1978,11
76.45090722,29.17041885,2057,6
84.77312743,24.93438304,587,11
80.4457176,20.06238625,1022,3
75.96507106,13.4649493,538,6
81.35662004,21.15118118,869,11
87.10271404,25.38862315,807,11
80.52241816,25.29255461,1451,11
76.1531657,33.62826271,1834,17
79.07739238,10.1016617,1424,3
76.6611692,12.22071907,676,3
86.42092213,23.80133883,1215,11
73.80065773,18.65531583,359,3
77.58658394,13.04701005,84,3
78.62801422,31.87979143,157,18
73.88226315,18.57759926,358,3
82.87125913,19.54753929,1318,3
78.2285691,12.42846429,1916,3
86.98282559,23.67493692,1889,11
80.22951894,17.27560029,1615,3
87.96619647,23.5657568,2000,3
75.98994062,10.8042092,712,2
86.04652647,25.43518448,857,11
79.5538902,12.41295113,1972,3
74.83876905,34.12057275,232,14
80.15358266,12.93306231,147,3
86.9765668,23.67734723,1891,11
86.94991816,23.67719533,1890,11
83.61163834,26.93577185,1556,11
75.86910079,14.00055915,1574,6
76.68620993,12.84596234,636,3
77.37089457,33.28915358,1632,5
75.05188257,15.33219819,550,6
79.00245319,10.02928156,1348,3
69.85492898,21.50670255,1070,6
81.37479676,21.11782887,868,11
78.28129864,32.01768653,524,26
79.80846284,20.62607967,1485,3
83.95955794,26.87797826,1569,11
73.39120284,18.6121222,368,2
76.1371126,12.93720391,572,3
78.21501301,12.41304166,1915,3
76.24613709,10.3773133,1590,2
76.24183315,10.37235707,1589,2
78.83821631,25.94732487,1454,11
73.84189383,18.52922595,223,3
76.34440652,32.33189499,496,11
79.06387475,32.41088849,443,18
82.94896257,20.24306898,1329,3
80.35038845,25.46607219,360,11
81.64059661,21.20774087,880,11
81.38648917,21.25879308,896,11
78.83951373,32.46865415,1920,18
78.95864427,32.43395493,1919,18
77.48682763,10.23375731,178,12
79.06081872,32.41301814,444,18
74.52659449,15.86800151,356,3
80.14449682,13.57076931,1399,3
82.99902485,20.26813767,1330,3
80.12415878,13.60034517,1400,3
82.99844751,20.26678883,1331,3
78.49725967,33.45401264,244,5
78.48705833,33.4293672,243,5
81.35144574,16.88350021,1186,3
71.14482859,22.64554628,1120,6
81.37044875,16.88282557,1185,3
87.91026867,23.0668474,1611,3
75.85267334,34.04772807,1797,17
78.30381212,17.4508453,1390,3
76.1578423,33.39992443,1671,8
75.47826933,33.45525911,1669,14
75.40585334,33.42944515,1670,14
78.28236744,33.89743085,2008,5
80.71302791,30.26406212,965,12
97.14945121,28.22033114,1918,12
76.96039785,13.066371,691,3
83.38192612,18.12253381,1479,3
76.4688335,29.31312513,2058,6
79.57588886,35.52577865,830,5
79.51708083,35.34521629,829,5
79.55297374,35.50219263,828,5
78.8524756,10.29667797,1309,3
78.05799561,31.48295189,1672,15
75.84756497,11.10447746,459,2
79.77708463,18.07928795,555,3
79.03504035,9.971807376,1356,3
78.47223973,25.66829883,951,11
84.68183389,24.84873269,563,11
81.75172424,17.1487602,2045,3
71.39278121,22.56331704,1084,6
78.13053853,24.67539827,571,11
78.61142902,33.46447438,245,5
76.35510342,32.33594424,498,11
85.91456371,26.14342115,1526,11
88.29239246,22.5254937,844,3
88.62081996,22.8484245,1209,3
83.05171079,20.53104181,1323,3
70.55107425,22.82683321,1115,6
82.56327761,22.02114258,1199,11
82.56846371,22.0102515,1201,11
82.56745759,22.01871627,1200,11
80.04569845,12.81696148,248,3
75.86208014,22.67574868,403,3
77.61422493,33.72384484,1866,5
77.61221725,33.722396,1865,5
74.47814447,33.80826927,1080,11
97.13776428,28.2333641,1917,12
79.13182452,10.0480311,1290,3
81.42929424,21.2126776,867,11
76.79809722,11.40161295,1631,3
83.3260684,17.80955088,1904,3
78.22800627,32.09018801,202,26
78.11054634,9.885943934,1544,12
81.46927869,21.21454117,866,11
77.66409247,33.55543003,1869,5
91.29489712,23.82665486,695,3
77.7980068,12.52074381,50,3
82.13951175,17.07981389,853,3
82.14217829,17.08206249,854,3
80.077821,18.1492412,6,3
82.13239702,17.07754416,852,3
77.20476168,13.09856648,839,3
76.68145441,24.65300588,1236,11
78.00886435,33.11553916,1895,5
76.55360298,9.274053837,1580,2
78.07382885,33.03669954,1894,5
77.74955363,34.65825616,1689,5
84.61270291,24.89938759,590,11
78.11424776,33.00614432,1893,5
83.3545363,18.57743689,1342,3
74.88610117,35.89348544,1912,5
78.66151185,33.36706478,1898,5
75.42125093,33.85464845,1059,8
75.37664579,33.93377531,1057,8
75.38832392,33.92910613,1058,8
75.37758158,33.95322835,1056,14
79.0232326,10.04878503,1289,3
79.01173867,10.05086551,1288,3
83.21902375,27.11843164,1212,11
78.11057745,33.34711026,1897,5
78.17673146,33.16516188,1896,5
81.31096864,21.6634681,2004,11
75.78577423,14.19840474,1976,6
76.94957834,12.83498969,606,3
79.69048163,20.87460984,987,3
84.73690411,24.07485632,775,11
80.92858167,16.33334194,1313,3
75.42191775,33.87246467,1060,8
77.9851944,34.09393364,520,5
80.75566089,21.18118575,1473,11
76.23638391,32.98821649,2021,11
81.30762503,21.66394396,2005,11
87.66786862,25.35867424,770,11
78.9442259,10.26883439,1280,3
79.30647885,11.71468818,460,3
87.74701139,25.17245917,2049,3
71.44110549,23.79544325,1251,6
69.85384206,21.51272476,1071,6
79.01591672,10.00835246,88,3
86.22557468,25.52172773,856,11
88.82908382,27.37991302,1049,23
88.82498513,27.38016318,1048,23
77.10076602,35.39540094,648,5
80.15323858,13.18299698,188,3
82.57196568,24.22085951,1617,11
76.55072714,8.949583716,1339,2
76.56110018,8.9491379,1337,2
76.54745746,8.95100581,1338,2
79.04012983,20.06609353,1630,3
73.84851943,18.62490443,860,3
78.21058062,31.23111464,1627,12
75.91338882,13.70309254,616,3
77.98000302,33.99887107,1870,5
72.59421745,35.94360749,655,17
82.04277867,21.82947814,1722,11
74.67515587,35.39943025,1242,18
77.36079106,10.22447525,1518,12
77.44501085,27.47098574,591,6
72.54031247,23.12299344,1923,6
80.37288965,18.17061214,1352,3
75.16061531,34.09281827,476,14
79.16878799,10.04609852,1164,3
88.24876718,23.76400869,2001,3
75.79504111,14.00098556,1952,3
75.70705577,14.17225333,1953,6
88.38984067,22.47574707,948,3
88.38935957,22.47685967,949,3
79.00221353,10.09225505,1142,3
79.72881156,17.96956964,1238,3
85.2015283,25.60066352,529,11
80.19836398,13.86072733,1416,3
81.61896895,23.78774557,1748,11
85.80155371,20.29999158,336,3
85.00766589,19.35718813,324,3
76.71490515,13.40537825,2010,3
80.45032856,29.98038265,430,12
87.32750589,23.53867646,326,3
79.73723152,12.82867676,187,3
87.56459007,25.44601217,755,11
79.41889997,11.21245275,1605,3
79.12893654,12.92311728,929,3
76.80050349,13.05901071,689,3
74.46459806,16.70698093,847,6
88.22143607,21.70448353,1740,3
78.91616594,22.2157006,1270,3
76.34335291,9.702465151,811,2
73.02664044,19.0128264,1133,2
92.78959243,24.75961511,1721,11
70.93816381,22.9792676,1221,6
77.54888725,34.35911092,1825,5
77.46362392,27.49860936,592,6
76.11515467,12.3949352,612,3
78.38062039,34.13236539,1983,5
76.56473863,8.928352775,133,2
76.56346959,8.927851787,132,2
77.17163946,9.013741797,1320,3
78.33447142,17.52388189,285,3
76.63720512,32.39490581,239,11
76.55412637,8.935986593,131,2
85.17652666,25.61012219,528,11
83.63597253,21.44103821,1737,3
76.66760828,8.8493246,1666,2
76.55767202,8.93243472,129,2
76.55649138,8.937364174,130,2
76.55271862,8.933675324,128,2
76.55624342,8.934595295,127,2
75.87269353,22.65616757,9,3
88.39903726,22.47613338,436,3
80.23124846,25.48582629,1510,11
74.66207315,34.21830148,914,8
80.22952881,25.48412895,1509,11
77.62783392,29.37180146,990,11
71.84789554,23.74699363,1255,6
75.20284966,34.15528065,1629,14
79.86898462,25.28470105,15,11
82.69929421,24.20771385,1621,11
80.37498338,16.92233233,395,3
69.26126709,22.24535221,1043,6
79.86051637,25.29677693,16,11
74.81350821,34.08790503,101,14
76.43524679,9.569926112,1608,2
82.01458836,19.09519337,207,3
84.75361759,24.58343448,565,11
80.64116412,16.71452496,1646,3
76.62595341,13.12618447,539,3
76.1525772,12.93027056,573,3
79.09363908,9.987696375,1235,3
74.28757636,16.6938599,1540,6
78.20896714,11.78330049,33,11
85.56987447,26.48541481,1515,11
76.0060356,12.91927628,1746,3
73.22847996,23.19481457,1622,6
81.45285368,24.27291065,1700,11
81.4536821,24.27115963,1701,11
73.94312729,15.49506022,331,2
74.18908627,24.50994629,969,6
85.6423033,26.80239167,1505,11
73.94123922,15.49613932,330,2
72.5792226,21.99668422,831,6
87.27283183,23.54174382,667,3
79.433554,17.67388612,2036,3
77.68792129,12.9750938,189,3
97.29050391,28.13950147,731,12
85.04002618,25.05275442,581,11
86.4740788,25.51263095,858,11
86.46460648,25.51777736,859,11
85.22491935,25.67576521,1379,11
76.67276809,8.842756492,174,2
84.51272844,26.02821222,1465,11
88.40091928,23.51514584,1370,3
88.40103033,23.50059828,1371,3
86.71382982,25.53094064,761,11
86.72173681,25.53003527,760,11
80.4392806,19.99275406,1021,3
82.56299025,19.49681403,1317,3
79.36230753,11.93407494,320,3
85.64491238,26.78841125,1504,11
86.61912064,20.27276846,946,3
85.62913893,26.76964596,1502,11
85.62012381,26.77427521,1501,11
85.63145344,26.78377436,1503,11
83.38131368,20.96571629,1758,3
77.36198743,34.89187551,1799,5
79.42414378,11.90157695,321,3
84.96961138,24.90220275,585,11
75.14830931,34.10423072,477,14
79.38790382,14.15996343,295,3
75.62985059,35.23085077,384,7
76.31103076,32.34402718,1808,11
78.52886131,17.31557007,505,6
84.97041351,24.90006946,584,11
76.14146098,33.49644884,1838,17
86.96126211,23.69261241,922,11
74.0526865,15.28933493,2034,2
88.49830559,22.71194789,205,3
71.54590851,23.86701881,1258,6
71.5823495,23.8826124,1256,6
71.58415704,23.87815985,1257,6
87.60915628,24.88719248,815,3
74.87548269,34.37989248,1996,17
71.57996726,23.8027032,1253,6
77.94118767,29.26266694,569,11
75.19120924,12.04395432,921,2
76.33224737,32.33541987,238,11
76.32552381,32.34280511,237,11
79.16290035,11.88328453,462,3
74.95196165,14.21874625,1994,3
74.9221108,14.26274781,1995,2
86.59066556,20.22538152,1643,3
75.47580898,34.50807533,1786,25
80.24081929,13.78697158,960,3
75.90213601,14.13356908,514,6
80.00661956,17.98487708,64,3
73.03899839,19.31335554,1575,2
87.86747623,23.22751026,1135,3
76.29609047,12.22620595,1759,3
76.31219809,12.21890833,1760,3
72.43393844,22.7166824,910,6
75.99686801,13.79553439,1948,3
86.61177266,25.53908861,864,11
78.77857697,17.38035748,2042,6
79.22226696,10.07052769,1165,3
78.77819851,17.38235342,2041,6
83.14442139,25.2565024,560,11
83.17093589,27.19792381,1219,11
77.98559992,34.4693502,1361,5
76.00569743,14.30257328,709,6
74.5228807,22.64676691,1268,3
76.53762942,32.84174265,1800,12
79.84771599,10.91726517,1547,3
80.51336481,18.16494956,1344,3
94.13800538,28.76666973,863,12
80.92910711,24.27807971,1030,11
83.6230027,21.14777414,1925,3
70.66368742,23.07163056,1047,6
80.32851579,13.3979996,306,3
78.70105588,31.14314124,1628,12
87.75072663,25.61424364,756,11
79.52153742,17.99761706,222,3
75.47537622,34.0671823,1449,14
80.09471744,13.63887447,305,3
80.97142434,24.30785292,1032,11
83.39271336,18.09839887,1484,3
76.99284474,8.42900603,20,3
83.25648782,21.11128622,935,3
83.42003878,18.12938679,1483,3
80.98065206,24.31889258,1031,11
80.25335293,13.57250604,304,3
77.73650907,12.94722022,162,3
76.65013669,13.1189789,1738,3
77.74913586,34.66359316,2050,5
76.50976537,13.17616968,1739,3
73.27090251,19.90571403,1341,2
81.11572152,16.70099932,1163,3
74.82934956,34.12197241,142,14
75.98296652,14.28908663,706,6
75.95835474,14.25928023,705,6
76.82112085,8.611916761,739,2
75.84362702,34.03986364,1798,17
78.73436534,9.321519969,1496,3
76.76902535,13.13814839,688,3
76.7467807,13.12239662,686,3
76.78192579,13.13694179,687,3
76.76448568,13.00242419,685,3
78.24382482,33.5686487,47,5
74.81293514,34.08819601,1443,14
81.67149136,17.11552673,1396,3
77.92666216,16.68373004,106,3
76.3065148,9.790137698,932,2
79.87418517,12.51838288,399,3
77.40054165,24.0619687,1529,3
75.93842006,13.11740288,736,3
76.8199294,13.05956884,680,3
76.77283611,13.05621141,679,3
76.77688947,13.07279953,677,3
76.92081182,13.02936038,678,3
75.73087899,11.47603776,1487,2
87.60044103,25.50063248,751,11
79.20342022,10.05174183,1171,3
80.20197834,12.96906129,146,3
83.4637673,18.60960367,1260,3
81.75483081,21.04374464,704,11
80.97589353,24.5015569,1008,11
79.22377924,10.04912158,1170,3
84.7797215,26.82691899,1000,11
77.15033785,35.41176218,647,5
77.14351921,35.414662,646,5
84.77692958,26.8202048,999,11
76.83255665,13.31643802,1717,3
84.77247154,26.8051673,998,11
76.5848551,8.997098029,135,2
84.7708947,26.80021819,997,11
86.6157959,20.27587065,947,3
79.20801229,10.00560327,1172,3
75.09112696,14.75778641,1951,3
75.06952709,14.76704208,1950,3
76.90979731,12.84982822,610,3
72.99176133,19.08133356,448,2
83.25963418,21.12033724,936,3
88.8185961,27.34588629,1316,23
79.02333136,31.24836644,1734,22
79.85517537,12.11778158,381,3
82.03924442,16.70007846,1577,3
80.1910211,12.9607324,145,3
75.24465004,34.01542506,1076,14
75.21503135,34.06271355,1075,14
73.54819943,18.88812302,808,2
77.48937247,33.21392603,1635,5
76.9846112,33.15966341,1634,18
79.0242679,9.984004293,1357,3
85.89860167,26.12766135,1512,11
86.61327098,25.49509402,813,11
86.59109479,25.49415996,812,11
78.0150945,33.2943322,391,5
88.82267371,27.38850204,1742,23
76.04476688,33.202801,1847,8
78.0146643,33.29136123,390,5
78.02487097,33.28762154,389,5
79.02443314,10.02034341,1350,3
84.43813738,19.26977448,79,3
76.19791027,33.09957553,1855,11
78.99646337,10.01147953,1349,3
78.39900218,19.9919432,1939,3
76.13394727,33.16200069,1846,8
77.80640256,23.51919197,1051,3
79.09153335,21.25887554,21,3
77.97895277,33.32389201,152,5
73.35067385,18.78511597,1354,2
76.5077073,12.74749967,542,3
72.47288365,22.9632973,1343,6
75.82006867,32.68144322,478,11
78.19748481,33.13695484,151,5
78.31641832,32.99090464,150,5
76.21319532,33.02896458,1857,11
77.42255718,33.99936481,1877,5
76.35680432,33.02002161,1858,11
76.16889738,33.01682976,1856,11
75.01062211,13.20683978,1445,2
76.5865381,22.82179653,8,3
78.95856681,33.21831305,154,5
78.30164482,33.10865183,153,5
76.50501653,9.56376823,112,2
81.75063628,20.82436839,1311,11
78.79550271,31.36959375,2052,22
76.63625779,12.56947163,382,3
76.45846958,29.14576764,2053,6
83.69212362,26.76163763,1568,11
83.42997489,26.71641664,1561,11
78.37308743,34.15047603,888,5
76.8173601,30.74326765,76,11
74.62511664,26.47681403,28,4
85.90515808,26.14899702,1524,11
85.90532299,26.15608312,1523,11
78.97111353,17.36482112,516,6
86.02309624,23.77999595,1961,11
77.25550244,32.75314576,420,18
74.09898971,36.24417917,1931,5
75.20892373,19.97135869,1245,6
80.18131979,13.12308172,143,3
74.10315618,36.2353533,1934,5
74.10698618,36.23162932,1935,5
74.10272452,36.23830118,1932,5
74.10021336,36.23630304,1933,5
80.19324564,24.72237138,1012,11
80.18448446,24.71526592,1011,11
74.84571028,34.09536258,771,14
78.46408571,33.08008631,1899,5
86.02243745,23.76339252,1962,11
86.01533644,23.76671527,1963,11
79.0325385,9.91735353,83,3
80.9662688,24.54883091,1006,11
78.5523439,34.15227422,887,5
78.74146013,9.293060151,1727,3
80.19550648,13.6373306,1404,3
78.81446082,13.18071966,1715,3
87.35453537,23.80761665,973,11
84.37720122,21.92484851,1592,3
78.7691165,9.282232102,1726,3
79.01565617,9.924749064,81,3
78.38041604,17.45750582,259,3
84.33856828,21.93143344,1591,3
75.92484298,13.28815123,707,6
72.0714269,22.85310748,1982,6
75.44982933,34.22964863,1794,25
76.02275934,33.94364257,1832,17
81.62882909,21.22679048,728,11
83.61817313,25.16793749,534,11
85.95629607,23.77553145,1967,11
85.94742412,23.77463482,1966,11
74.59906836,16.74105443,850,6
85.78629231,23.16570246,1741,11
74.82695415,35.05489247,721,18
79.19657731,11.95921193,464,3
85.97145123,23.7739842,1964,11
85.94323745,23.77862327,1965,11
76.45185846,13.50496917,971,6
77.30927937,8.173560396,446,3
78.74872726,9.323604288,1725,3
87.87821048,23.26774129,1154,3
87.84307367,25.6158991,757,11
78.74105494,9.335914908,1724,3
74.64421698,33.44228212,1829,11
88.40210942,22.56872917,165,3
77.21531902,32.52819725,53,9
75.50316995,33.56314407,1678,14
88.13623167,23.63195995,1733,3
75.7232528,34.14383525,1796,17
80.30940056,13.45453326,310,3
80.1488709,13.59928798,311,3
78.08455105,21.78928279,1173,3
76.46486814,29.15376855,2055,6
76.46529392,29.15531645,2054,6
75.38566822,33.92307143,1673,8
80.1362439,13.79233892,308,3
80.06094307,13.69587727,309,3
75.42903488,33.83707817,1676,8
75.46945606,33.7493769,1677,8
75.38675222,33.91150473,1674,8
75.38416241,33.91033256,1675,8
77.36445489,23.24258067,45,3
76.67618009,8.846808617,1651,2
75.58028763,34.05107279,1791,14
72.98044346,19.19977249,191,2
75.94115766,13.73480381,1973,3
80.08273997,13.74451978,319,3
77.49913361,14.30019884,293,6
73.87562459,15.43612162,2038,2
80.11114225,13.6400787,317,3
78.44887241,33.11878855,1900,5
80.1939516,13.51464625,318,3
73.88261245,15.43392931,2039,2
80.13082449,13.65330629,316,3
80.10270443,13.65867565,315,3
77.85102278,34.5360731,1816,5
80.12180599,13.64898669,314,3
80.12528608,13.68678464,313,3
75.01857083,34.18577908,1788,14
86.93688155,25.23287845,792,3
78.65990342,17.41452923,1458,6
87.84033264,25.80835148,1036,11
87.36255287,24.75449421,865,11
85.44882648,25.03401419,603,11
76.72836131,11.3967831,416,3
79.04249571,10.05395497,1244,3
74.880159,36.45779162,694,5
79.68349856,13.10407942,338,3
80.23330192,13.79287281,337,3
76.17567251,12.5222506,620,3
76.18058845,12.51851922,619,3
75.44526803,35.44758905,639,5
79.06712104,9.909120481,1367,3
78.4849325,33.31796174,242,5
77.306908,32.63108118,1711,18
81.91768468,19.0134651,918,3
85.69898437,26.4734627,1892,11
77.60896399,13.04492665,176,3
76.6952875,32.37958309,1809,11
81.36488794,23.3018644,1563,11
78.92244894,10.07983192,1463,3
77.56830677,8.314168544,1719,3
79.68021172,12.81575541,322,3
87.49328789,23.86210018,974,11
75.90344392,22.73294239,551,3
78.2756411,33.9157736,281,5
75.39295595,33.98792292,1779,14
77.52349983,12.84472985,927,3
83.9905149,18.5252999,1576,3
86.953144,25.24680289,793,11
81.77666725,21.10168915,1440,11
82.65596445,27.19510517,1374,11
78.15088386,33.12425816,380,5
87.415754,25.62281691,765,11
86.95522478,25.23868479,805,11
79.81958986,28.62627604,429,11
76.49936527,10.20284657,424,2
76.90893975,12.62815497,626,3
86.95644729,25.23305945,795,3
81.34442269,24.50619129,1097,11
86.96967592,25.23243244,794,3
76.1200751,33.86880995,1300,17
86.95585255,25.23593259,796,3
86.95542818,25.2371611,797,3
75.51115106,33.73045196,1774,8
73.67033138,24.5669911,911,6
81.94772078,21.19698766,899,11
81.94652025,21.1998085,900,11
87.62133252,25.39328743,748,11
75.98151953,12.94387656,1713,3
77.94472824,29.28799328,567,11
88.55192872,25.41201461,781,3
91.57820233,26.09246889,1086,11
78.61868211,34.41952605,885,5
76.95427868,10.9826226,139,12
86.36252724,23.31299442,1128,3
79.0994843,21.1455212,155,3
76.29990583,12.58738253,1750,3
79.28028389,12.65917278,1124,3
77.89972096,34.02124136,715,5
86.37232435,23.30150606,1129,3
78.83930766,17.40703783,518,6
77.22612576,28.40837298,10,6
78.8561554,13.19931217,1106,3
87.33572646,23.82403595,977,11
78.86778991,19.35385129,99,3
85.73890513,26.24926633,1519,11
76.94359497,11.00367472,343,12
76.93612536,11.00405704,344,12
76.3039043,9.836944478,1340,2
77.37716251,12.52128143,733,3
78.74831539,16.54940707,1220,6
79.15030872,33.03820234,1380,5
80.26881367,13.53789369,1403,3
79.10883638,33.08193878,1381,5
75.78857384,11.34548892,208,2
75.39947803,30.64304228,455,6
78.69385518,17.57446276,1582,6
72.83672255,21.22495275,1664,3
80.25280088,13.20095517,264,3
77.69237878,12.87628456,334,3
79.38349482,12.02701782,1938,3
81.44493499,24.80345785,1003,11
86.25578071,22.76151821,843,3
79.5908203,22.22132635,1303,3
79.34669635,34.88706314,36,5
76.58993317,9.096936516,1336,2
81.89061479,21.19715099,909,11
85.22055786,25.58857145,624,11
85.22561905,25.58240119,623,11
76.97086857,34.47763965,1873,5
76.00089401,12.95830002,1395,3
88.36406565,22.51230545,75,3
83.95301699,21.48318165,578,3
74.52625697,15.86688443,14,3
69.26977394,22.0920426,1042,6
77.45869203,30.6093985,396,12
75.95241261,13.87524623,1974,3
74.80606191,36.00589955,1911,5
77.51690581,34.48327074,1817,5
74.85158712,36.3288518,235,5
87.50148406,25.52948842,754,11
88.41968115,22.55602513,409,3
73.68007144,24.57535489,182,6
73.67805974,24.56769711,181,6
75.372336,34.18395592,1977,14
78.21946933,23.93333576,1286,3
75.45512931,35.42655906,156,5
75.52133019,33.73816203,1775,8
85.90808117,26.16163538,236,11
79.17271959,9.993232629,1227,3
79.18727682,9.993868488,1226,3
77.61616367,13.14063256,348,3
79.14140375,9.988731138,1225,3
76.58986724,32.687576,1803,11
79.1207391,9.983674202,1224,3
85.03877194,25.56019639,531,11
78.42209831,33.62212309,1637,5
80.42012492,15.92944111,2046,3
76.25229303,12.40373685,1729,3
75.61802861,33.93142648,1781,8
76.24863708,12.3938745,1728,3
82.90479842,25.22105549,926,11
80.41329202,15.91655769,2048,3
73.08069755,28.0456029,410,4
80.41149923,15.91652333,2047,3
77.67330419,12.913561,59,3
76.75422991,8.700924254,46,2
79.32518938,30.60444407,1640,12
79.10532382,9.984484367,1223,3
72.90550731,19.12868168,80,3
86.37785869,23.32782909,1130,3
78.33588418,16.11375171,1264,6
74.33478147,22.74646898,1265,3
77.95779614,34.08316798,1827,5
77.82827416,9.643250605,1532,12
78.32356541,16.11417291,1263,6
75.68764276,32.87206479,1105,14
85.1191369,25.59183308,1762,11
87.12071036,23.61268042,981,11
76.23068323,33.94520869,1813,7
77.99871301,16.74399572,441,3
76.11137531,33.87075969,1812,17
76.11070031,33.8743555,1811,17
78.83774957,18.09335577,2012,3
76.54996478,8.95385841,601,2
76.59913529,9.010262551,602,2
76.55079195,8.955538889,600,2
79.15487395,9.963397317,1229,3
79.16301499,9.979022475,1228,3
76.88448051,13.2649413,228,3
73.17024755,22.4218694,1743,3
73.26637325,35.65186616,479,22
77.15970481,19.72186843,1998,3
79.13091666,9.936298596,1233,3
77.61504763,32.48240666,195,18
76.69326482,8.874394871,1649,2
77.57489677,8.348973529,1720,3
73.524599,18.90100423,51,2
79.17358832,9.964065287,1230,3
79.16918133,9.959210794,1231,3
79.16680857,9.956007178,1232,3
82.01102249,19.07629876,836,3
85.27764176,25.31345753,1470,11
77.5901082,12.86539912,274,3
72.64253233,23.78892646,369,6
76.78678065,13.08488381,690,3
86.37086727,23.31346789,1131,3
88.76772689,25.2169343,787,3
74.30004974,34.00003649,1069,15
78.02550708,15.83313378,632,6
72.12519148,21.75126024,1999,6
76.38470514,9.618276793,125,2
76.03527206,13.04746331,525,3
76.56658568,18.36579653,229,3
78.43790905,34.17370039,886,5
78.99437323,13.4740755,301,3
78.65022797,17.55656608,1583,6
76.36168819,12.0983966,674,3
78.48930143,31.40084725,491,18
87.63830948,25.23919006,758,3
87.63724391,25.23989246,759,3
79.27615938,11.14640373,962,3
73.67338301,24.59621964,275,6
77.36561159,13.09049131,1690,3
77.3551997,13.08680172,1691,3
77.35188848,13.09113554,1692,3
80.08065246,13.76656751,1418,3
81.75904513,23.48000045,1620,11
79.505137,22.91507889,1299,3
78.31784779,32.87339803,25,5
79.12537611,33.06437091,1382,5
83.55137879,21.69457346,1308,11
84.24831483,24.87596153,564,11
76.55427306,8.941622611,1325,2
76.54408877,8.95754405,1324,2
80.6556407,30.3538014,970,12
83.26461889,21.10859881,934,3
70.69223827,23.05290829,1088,6
76.89444144,8.515383271,160,2
81.44402837,21.16192915,882,11
76.06439496,12.96774429,558,3
76.69111592,8.882631543,1593,2
88.4175388,22.58630707,138,3
76.81332851,16.83281625,506,6
75.8224563,11.203361,1486,2
79.1680567,33.06962212,203,5
87.6240919,25.37470839,769,11
74.31940472,14.61384806,52,2
73.75883614,18.493108,1980,3
77.67707364,24.52598405,74,11
77.52453714,34.47966589,1818,5
80.1215113,29.15929211,428,12
79.06978217,9.866096486,86,3
75.73808893,34.17885927,1795,17
74.61351265,33.44435366,1116,11
88.08334049,27.43741981,968,12
80.10791322,12.84820152,1763,3
79.09962219,13.2049686,492,3
85.22408889,23.49345353,1306,11
87.77282427,25.49161505,779,11
79.31804483,11.81375175,475,3
80.12450239,12.55590953,656,3
78.37017688,17.38394763,373,3
78.10392251,25.94538582,1521,11
80.18015516,12.97002063,1422,3
76.5490646,8.918607003,593,2
79.89706965,18.68889692,1275,3
76.70293745,8.893168521,1597,2
74.61594887,35.19278087,1267,18
76.60643409,8.961658353,124,2
78.98783183,10.16735607,1145,3
77.59654158,15.58846371,289,6
76.58609453,9.079895397,1543,2
77.35835813,33.30193034,2032,5
77.91025645,18.62581567,7,3
78.47517676,17.42515154,30,6
78.9990531,10.15115627,1143,3
87.30002255,23.53540957,665,3
78.99149743,10.17415186,1144,3
79.80515864,18.27230354,1276,3
78.57667286,15.40433805,288,6
78.78430951,33.44274804,1704,5
72.60124079,23.00591527,171,6
77.73634371,12.97446907,342,3
73.50751989,25.24133621,379,6
72.96916974,26.28937529,1362,4
76.6976401,8.890976524,1578,2
88.42783429,22.56450893,213,3
87.33195928,23.55721712,669,3
79.15638193,9.951362489,1234,3
76.62112033,8.975291279,123,2
75.79703838,19.60044849,657,6
80.11874553,13.74282042,1406,3
78.43478833,18.12148133,644,3
78.55358368,17.49465624,463,6
76.21063804,34.98685687,1699,5
75.47426786,33.75856046,1776,8
76.54465097,8.95905814,122,2
80.19258107,13.80165493,1410,3
81.44976777,21.16283935,883,11
79.49389376,24.62301483,1095,11
77.18484337,12.9778222,2015,3
84.67905354,25.69329064,582,11
88.43404387,22.54187074,220,3
73.57446914,19.70183621,287,2
82.74717111,26.63295656,1444,11
75.377088,34.14051909,1476,14
76.56405923,8.95009007,121,2
78.96273562,10.16017354,1284,3
77.00688179,13.38162177,1391,3
79.16979494,10.43535467,1397,3
76.37149433,9.754699047,126,2
77.55245308,34.74703836,1314,5
84.66007988,25.70421946,583,11
88.42579919,22.54616699,221,3
78.37276017,17.42566231,22,3
77.91211558,32.60997238,1765,7
88.4239434,22.5515635,218,3
78.78651524,12.77076807,1121,3
77.5093882,32.96448311,1687,5
81.63361312,21.23252535,454,11
77.50356553,32.95766631,1685,5
77.50590885,32.96018565,1686,5
88.43279568,22.54887535,219,3
75.3135961,34.13543893,1475,14
78.11347847,15.78966963,1537,6
73.21932098,22.31271785,521,3
88.84598203,27.33087223,440,23
74.89148061,34.4446812,991,25
74.84921633,34.10185567,26,14
88.4257355,22.5579458,216,3
88.41980118,22.55919334,215,3
75.20590811,14.5880108,1968,3
88.41995222,22.56508242,214,3
78.16634088,11.22067553,108,12
76.83340796,31.63425844,267,11
76.39628545,12.24743286,1930,3
75.85163422,26.9551005,23,6
76.38887028,12.26625219,1929,3
85.16620529,25.15651917,649,11
88.93819424,25.23297651,791,3
77.43210017,32.13549254,1764,15
74.98500739,34.45713275,992,25
75.68916437,26.8044371,1712,6
76.18056076,14.05128763,298,6
76.17932169,13.99701057,297,3
78.55435796,17.42136691,168,6
88.43555089,22.55524487,217,3
74.19224214,16.75176548,280,3
76.29329,12.08572326,615,3
79.28819384,11.19266567,959,3
85.51715788,25.20773063,738,11
78.32605962,16.41484143,1261,6
78.33532833,16.42629652,1262,6
79.38717008,18.6269456,2013,3
76.64395233,8.828075955,366,2
76.35228753,12.27697148,1928,3
76.35185042,12.2699418,1927,3
75.96333977,13.80441475,1969,3
78.50444786,33.60835895,1636,5
79.09784647,12.91199987,1111,3
74.83308966,33.50258965,1830,11
79.36157811,11.80535503,660,3
76.07528397,12.87269984,1744,3
77.69083123,8.734829632,211,3
77.67668545,12.86957206,328,3
80.24268228,13.80457915,961,3
76.34298509,12.39656586,699,3
75.98596885,13.16236903,633,3
76.51054362,13.54985312,767,6
77.26794755,34.49455202,1821,5
71.12316263,22.61528826,1122,6
78.35981613,17.30898048,44,6
78.35128436,17.49685456,1535,3
72.52893665,23.03841204,352,6
82.87543982,19.52828916,1326,3
82.87542921,19.52743576,1327,3
76.75484369,13.04434928,1971,3
78.20925773,12.51836066,1696,3
78.22515984,12.52431992,1694,3
78.21854949,12.50798084,1695,3
76.66535391,8.819711758,1599,2
78.37115852,33.57811767,393,5
78.49365435,33.54743559,392,5
81.61246186,17.90968384,1347,3
76.35211534,33.48459259,1841,17
81.58793639,17.91924266,1346,3
76.37710023,33.84282745,1810,7
73.86886722,15.44225155,1500,2
73.86526437,15.43767193,1499,2
78.21500372,12.48551475,1697,3
79.87748111,24.72385964,1736,11
73.86620572,15.43945957,1497,2
73.86752117,15.44093875,1498,2
75.62751552,33.93149654,1782,8
73.66340273,17.93444289,1266,2
77.29382652,28.47649676,402,6
88.77567639,25.2701966,788,3
78.11269934,32.26041229,2022,26
74.85281918,34.13313268,397,14
74.58016818,35.38983837,993,18
82.67676681,25.76322467,1716,11
78.59414629,17.39859415,503,6
75.03933252,13.25857318,1703,2
79.12558382,10.14054111,1281,3
70.99696167,23.01478198,1222,6
88.34845006,22.85993988,1302,3
83.06336196,24.61939055,924,11
76.36750815,33.30626804,1840,17
88.34876664,22.86071976,1301,3
76.48537157,33.45834008,1839,18
79.36083453,18.09704805,2044,3
80.90912773,25.18225876,1019,11
81.31249888,16.85993061,1155,3
79.12770011,30.52224732,431,12
76.90613426,12.19726176,605,3
75.26646442,14.71988799,1732,3
83.36783094,18.08903383,325,3
78.30416675,17.37443162,163,3
75.76835316,11.31424586,1490,2
75.76715191,11.31832877,1489,2
80.17075493,12.90976317,252,3
75.30147151,14.65485366,1731,3
75.97582987,12.9744924,1745,3
77.66431273,12.9352066,713,3
88.63883924,28.00331268,955,5
77.72295089,12.98726953,184,3
76.27382328,32.32597491,206,11
75.52135282,33.62990044,1772,14
88.49377352,28.00587078,954,5
78.3195812,17.591251,732,3
81.66429765,23.23165705,1035,11
80.11159476,12.84770043,110,3
76.4690936,13.45641195,1947,6
72.51201832,23.05141422,398,6
72.43420764,24.1825871,1002,6
75.6395089,34.49442251,1787,17
88.10207577,25.15640099,809,3
77.6554654,12.80451631,2051,3
75.37285891,34.19784883,1793,25
78.42191039,33.62182636,1888,5
78.50427255,33.6087904,1887,5
78.03454658,11.49791967,1560,12
97.12260546,27.99237715,1922,12
97.12404369,27.98773828,1921,12
77.58722514,13.09140661,196,3
75.22682159,34.04416621,1680,14
72.14392965,21.77518909,527,6
75.19867914,34.08203256,1679,14
82.96535213,22.0227536,1375,11
83.88582893,18.40390708,817,3
75.00381311,34.43560805,1785,25
76.06340303,12.98513999,526,3
76.03675257,12.52315217,613,3
79.19355322,10.10454061,1158,3
74.21320394,16.68759245,849,3
76.31092343,32.24700229,407,11
76.34362388,12.16136533,670,3
79.04695136,10.17492474,1452,3
95.86139887,28.97906482,1907,12
79.05073625,10.17553508,1453,3
78.31573518,17.46998631,111,3
70.58728775,22.64605141,2016,6
81.47061002,21.17849025,897,11
81.4700139,21.17690267,898,11
75.89569285,22.65530907,327,3
75.97265857,13.12234308,735,3
73.92768453,15.49222281,413,2
78.16457892,21.93378232,1183,3
80.73691426,25.36746393,1718,11
76.73381837,13.08048791,683,3
76.76004567,13.05032553,682,3
76.74228087,13.05880565,681,3
76.72958388,13.05017537,684,3
75.61714883,33.93539856,1780,8
87.5747335,25.55328451,752,11
78.02697846,31.40833083,1756,15
79.73135057,14.29771683,1606,3
76.07360507,33.556558,1837,17
79.19027447,10.12087843,1157,3
88.53767974,25.4067187,784,3
79.1973091,10.12472725,1156,3
74.8395645,14.61559413,467,2
82.48589064,22.08239696,1196,11
75.29236918,34.14723648,1789,14
76.6915085,8.873533089,1650,2
81.52296336,21.24828483,875,11
76.99363853,8.424094709,1603,3
88.53467969,25.40306104,783,3
79.1751477,10.07498635,1159,3
82.1374504,21.67394459,916,11
79.80838896,25.53993715,1455,11
80.092123,13.7319741,1417,3
79.70020018,13.31185782,300,3
75.33056975,33.37870308,1985,14
78.84558818,9.301034548,652,3
71.91524333,22.66869962,1029,6
80.21412645,13.82173416,1414,3
80.21935756,13.82744211,1413,3
79.22051233,10.03114695,90,3
79.12619263,10.11478662,1160,3
80.2152499,13.82672206,1412,3
80.06653771,12.40723936,1098,3
80.21587178,13.82891124,1411,3
80.21031406,13.81515341,1415,3
69.81208937,21.52491956,1081,6
69.84791928,21.58955895,1082,6
85.66497661,24.80076517,737,11
81.37712499,21.25236103,874,11
78.32722837,17.40185007,1461,3
76.2420912,10.60216596,714,2
74.29795154,21.92500895,1581,3
78.03223497,16.74422161,1693,3
72.97278777,26.30945291,179,4
80.12773559,14.28289745,1612,3
76.40538266,32.62092211,240,11
77.29809702,34.50592632,1822,5
70.0694202,22.46488661,49,6
76.37365051,9.796689592,1345,2
71.41837932,23.11175126,1134,6
69.29096932,22.25762194,1045,6
79.65584614,15.95944274,296,3
83.1058715,25.30063269,1533,11
80.01554177,16.15664463,1614,3
80.00734395,16.16191837,1613,3
77.59420169,13.11296682,97,3
87.69883029,25.46480823,750,11
78.04154438,32.34521224,523,26
75.93296408,14.30216436,774,6
75.63153579,33.92196959,1783,8
77.59030936,31.66806123,1862,12
69.84235941,21.57158055,1083,6
76.52717442,12.6029914,693,3
88.27366731,22.97237384,1530,3
80.13262942,16.53984713,1194,6
74.78568663,35.33056043,645,18
77.08032924,30.65686438,1384,11
76.81400264,33.50602708,1359,18
81.02337768,21.09141968,913,11
77.07603823,30.66164695,1383,11
77.64130215,12.92055105,78,3
80.16823508,24.69688481,1013,11
78.34510442,33.65476575,1886,5
78.91770716,35.48677872,1545,5
75.51282303,33.63319649,1773,14
78.92947682,35.45523439,1546,5
79.05695692,10.12239889,1428,3
77.72854297,12.99994157,204,3
79.05609431,9.932074773,1468,3
75.71754206,11.47492341,1488,2
79.04825726,10.12482235,1427,3
82.14146835,17.0863135,855,3
81.34050878,21.15535309,870,11
72.64244825,22.09581838,832,6
84.65928577,25.53902733,1472,11
72.97535885,19.19323943,82,2
78.99129994,10.13724586,1178,3
70.63648434,20.85305431,1055,6
84.96564811,25.70518053,1492,11
77.26433625,28.44826027,1119,6
77.69249628,12.98710447,353,3
83.42464109,18.10247389,1482,3
76.20012994,12.78986266,575,6
83.37854617,18.10589409,1481,3
81.05024613,21.08914218,912,11
79.06149591,10.12979307,1426,3
83.41657379,18.10965748,372,3
83.40153792,18.11321774,371,3
80.65712196,16.04333568,1981,3
78.98522162,10.15039521,1179,3
79.19564513,11.88374865,461,3
74.87288371,34.3926968,1078,17
74.17737528,18.30362724,361,3
78.97573105,30.74778717,1460,12
85.56905644,24.67801835,824,11
78.84132673,9.295816842,654,3
80.19635501,18.28009561,1322,3
70.91393488,21.46930926,278,6
74.93242358,34.45193558,1077,25
83.38227581,18.12990452,1480,3
76.23071885,12.88045894,675,3
86.11893368,23.73551112,1109,11
78.45651609,17.28913351,98,6
79.13132678,10.1270239,1161,3
82.64026877,26.72025215,346,11
75.75296316,13.69318823,617,3
73.2407384,28.79878159,710,4
75.93413312,13.27204453,722,6
79.28122851,11.14291333,963,3
79.14047513,10.11315782,1162,3
88.46624087,22.59897131,435,3
76.00308529,13.20489932,415,3
76.77460688,12.98814156,635,3
76.65520391,9.197523,1645,2
75.73768573,14.02785972,1954,3
86.1149788,23.73594538,1108,11
78.58548694,15.43997048,1594,6
81.95172477,21.19965589,908,11
78.55907898,15.48294487,1595,6
79.10600111,10.0988836,1283,3
76.2929495,35.0740212,2040,5
82.50493629,20.87141598,1247,11
82.51048966,20.87153543,1246,11
75.34117661,19.89894839,533,6
77.66752793,12.90481235,241,3
77.15912225,20.46304695,95,3
81.67140089,21.23369937,879,11
76.65276904,11.43007406,185,3
86.15450568,23.65518281,826,11
72.91745468,19.19145546,56,3
76.76382997,33.06514634,1844,22
78.52693105,32.74603707,246,5
84.76839588,24.92585615,589,11
74.89739907,33.492723,1831,11
76.76248955,33.06738494,1845,22
82.98008946,20.282262,1332,3
79.0946379,10.12255607,92,3
85.64507169,26.43582887,1513,11
80.31705769,13.42380785,1401,3
79.04112129,17.93555833,1254,6
81.6195519,21.23454757,878,11
81.6200007,21.23330189,877,11
70.60704204,23.0061826,1046,6
76.64256694,32.64411837,1802,11
76.36733045,32.6287799,1804,11
78.07029646,17.82141862,286,3
79.09199164,9.864171196,85,3
79.42827753,29.37255863,1278,12
79.5309291,29.3569143,256,12
79.52903985,29.35147845,254,12
78.55985837,15.47198676,1596,6
79.58493558,29.32302959,255,12
79.53278017,29.34964116,253,12
72.56943776,36.08781249,473,17
72.54580236,36.07958358,472,17
78.95767444,30.91224276,270,12
76.89276979,33.18221021,1843,18
73.73519043,18.49508859,262,3
76.98408961,33.15929956,1842,18
80.14366341,13.04506564,266,3
73.94204282,15.34139593,452,2
78.01337657,33.31220981,24,5
74.85009541,33.50226052,1113,11
83.49384032,25.02949601,1555,11
77.72511566,12.95833026,119,3
83.50142734,25.03783149,1553,11
83.51354646,25.02843456,1554,11
80.12013844,15.44858536,1287,3
86.16684742,23.33576612,1132,3
